{
      "DGY707": -13278,
      "FA82894": -12546.0,
      "FAB769": 829.9999999999964,
      "JL2513": 1548,
      "MO2295": 14712,
      "FA85815": 2438.0,
      "FA116176": -12024.0,
      "FA97700": 2228.0,
      "FA115592": -2168.0,
      "FA80589": -52534.0,
      "FA95327": -10.0,
      "RA2737": 1226.0000000000073,
      "FA48557": -46126.0,
      "FA70057": 220.0,
      "FA79274": 72.0,
      "FA100941": 350.0,
      "FA39931": -1054.0
}