{
      "FA80589": 4915.0,
      "MO2295": 11842.5,
      "FA116176": 11362.500000000002,
      "DGY707": 11090.0,
      "JL2513": 12445.000000000007,
      "FA79274": 15422.5,
      "FAB769": 8372.5,
      "FA95327": -19865.0,
      "FA97700": 51505.0,
      "FA39931": 12537.5,
      "RA2737": 10219.999999999993,
      "FA100941": 842.5,
      "FA48557": 7005.0,
      "FA115592": 17407.5,
      "FA70057": 10737.5,
      "FA85815": -35800.0
}