{
      "MO2295": 4378.0,
      "RA2737": 9024.000000000015,
      "DGY707": 9930,
      "FAB769": 5856,
      "JL2513": 10368.000000000015,
      "FA82894": 2331.6,
      "FA100941": 3272.0,
      "FA39931": 14253.6,
      "FA80589": 10835.6,
      "FA95327": 0,
      "FA48557": 15115.2,
      "FA70057": 7272.0,
      "FA79274": 9650.0,
      "FA97700": 18630.0,
      "FA115592": 7158.0,
      "FA116176": 1086.0,
      "FA85815": 0
}